"name","status","bytes","dir","url"
"1_00c4518b-ed24-4155-85b7-4970a1de0123.png","OK","1505601","produtos","https://cdn.shopify.com/s/files/1/0927/8603/2953/files/1_00c4518b-ed24-4155-85b7-4970a1de0123.png"
"1_0e68088d-de23-49af-b8a2-863d61ad7fe5.png","OK","681843","produtos","https://cdn.shopify.com/s/files/1/0927/8603/2953/files/1_0e68088d-de23-49af-b8a2-863d61ad7fe5.png"
"1_10036a9c-283f-4558-9c68-497f7954fd83.png","OK","1490653","produtos","https://cdn.shopify.com/s/files/1/0927/8603/2953/files/1_10036a9c-283f-4558-9c68-497f7954fd83.png"
"1_515b3cd2-110b-4d9c-af71-e50ff5576331.png","OK","1928913","produtos","https://cdn.shopify.com/s/files/1/0927/8603/2953/files/1_515b3cd2-110b-4d9c-af71-e50ff5576331.png"
"1_5d64266b-1454-4fb3-93cc-29fe46138492.png","OK","1673668","produtos","https://cdn.shopify.com/s/files/1/0927/8603/2953/files/1_5d64266b-1454-4fb3-93cc-29fe46138492.png"
"1_6533b1e5-9ab2-4758-8b12-978e70ad0351.png","OK","1389478","produtos","https://cdn.shopify.com/s/files/1/0927/8603/2953/files/1_6533b1e5-9ab2-4758-8b12-978e70ad0351.png"
"1_85600439-60f1-47e4-a4a8-3e98822c73ac.png","OK","1340928","produtos","https://cdn.shopify.com/s/files/1/0927/8603/2953/files/1_85600439-60f1-47e4-a4a8-3e98822c73ac.png"
"1_8e75908f-c9c6-4a4f-8e78-802d5526a929.png","OK","1586978","produtos","https://cdn.shopify.com/s/files/1/0927/8603/2953/files/1_8e75908f-c9c6-4a4f-8e78-802d5526a929.png"
"1_a157d3e6-1690-46e6-a02d-f6ce5ac38dc4.png","OK","241935","produtos","https://cdn.shopify.com/s/files/1/0927/8603/2953/files/1_a157d3e6-1690-46e6-a02d-f6ce5ac38dc4.png"
"1_a4353013-7e7e-48ac-a28f-80c88f3d0b8d.png","OK","1827879","produtos","https://cdn.shopify.com/s/files/1/0927/8603/2953/files/1_a4353013-7e7e-48ac-a28f-80c88f3d0b8d.png"
"1_ac786c7d-810b-44b5-8614-a59ffe52e30b.png","OK","1632261","produtos","https://cdn.shopify.com/s/files/1/0927/8603/2953/files/1_ac786c7d-810b-44b5-8614-a59ffe52e30b.png"
"1_b507a526-5a7a-46bf-b942-c80ac0806fb3.png","OK","1556188","produtos","https://cdn.shopify.com/s/files/1/0927/8603/2953/files/1_b507a526-5a7a-46bf-b942-c80ac0806fb3.png"
"1_b8ed9740-36ef-4053-942d-d791d85f5dde.png","OK","1344871","produtos","https://cdn.shopify.com/s/files/1/0927/8603/2953/files/1_b8ed9740-36ef-4053-942d-d791d85f5dde.png"
"1_cab0f0c7-0513-419e-9e8e-cd405cb135f5.png","OK","1418269","produtos","https://cdn.shopify.com/s/files/1/0927/8603/2953/files/1_cab0f0c7-0513-419e-9e8e-cd405cb135f5.png"
"1_d3264212-0ec2-4730-8f7e-36e596b705bf.png","OK","1586756","produtos","https://cdn.shopify.com/s/files/1/0927/8603/2953/files/1_d3264212-0ec2-4730-8f7e-36e596b705bf.png"
"1_db479c50-d4b5-41af-9f39-4b4e695bcdc0.png","OK","1388138","produtos","https://cdn.shopify.com/s/files/1/0927/8603/2953/files/1_db479c50-d4b5-41af-9f39-4b4e695bcdc0.png"
"1_e913abf1-985e-44f1-a57e-9686a2d69a4d.png","OK","1538474","produtos","https://cdn.shopify.com/s/files/1/0927/8603/2953/files/1_e913abf1-985e-44f1-a57e-9686a2d69a4d.png"
"1_ea7b2094-03e2-43ed-bf1d-c52de294544a.png","OK","1383207","produtos","https://cdn.shopify.com/s/files/1/0927/8603/2953/files/1_ea7b2094-03e2-43ed-bf1d-c52de294544a.png"
"1_f39619c1-2a41-44b5-bc6d-c524afaa1177.png","OK","1436593","produtos","https://cdn.shopify.com/s/files/1/0927/8603/2953/files/1_f39619c1-2a41-44b5-bc6d-c524afaa1177.png"
"10_43a218b2-24de-46e1-8222-5bbba026b91c.png","OK","1506279","produtos","https://cdn.shopify.com/s/files/1/0927/8603/2953/files/10_43a218b2-24de-46e1-8222-5bbba026b91c.png"
"10_7ee519db-09be-4a2e-818a-61d63e5edc6a.png","OK","1783832","produtos","https://cdn.shopify.com/s/files/1/0927/8603/2953/files/10_7ee519db-09be-4a2e-818a-61d63e5edc6a.png"
"10_8f1a6e03-bac3-4272-9a1e-014d95571f49.png","OK","1336296","produtos","https://cdn.shopify.com/s/files/1/0927/8603/2953/files/10_8f1a6e03-bac3-4272-9a1e-014d95571f49.png"
"10_edeec469-e0c7-4fcc-866a-3357d7c2ceae.png","OK","268872","produtos","https://cdn.shopify.com/s/files/1/0927/8603/2953/files/10_edeec469-e0c7-4fcc-866a-3357d7c2ceae.png"
"10_ff30f393-9623-47f5-9c77-3b9300c1ab46.png","OK","1867858","produtos","https://cdn.shopify.com/s/files/1/0927/8603/2953/files/10_ff30f393-9623-47f5-9c77-3b9300c1ab46.png"
"11_2a208ea3-d4f6-474f-8ecf-7653b5a03917.png","OK","254636","produtos","https://cdn.shopify.com/s/files/1/0927/8603/2953/files/11_2a208ea3-d4f6-474f-8ecf-7653b5a03917.png"
"11_417fe916-f80a-4aa9-95de-27b33d52e02d.png","OK","1483848","produtos","https://cdn.shopify.com/s/files/1/0927/8603/2953/files/11_417fe916-f80a-4aa9-95de-27b33d52e02d.png"
"11_51d0aca7-9ff1-4f70-bb09-d1a71a1973f4.png","OK","1605703","produtos","https://cdn.shopify.com/s/files/1/0927/8603/2953/files/11_51d0aca7-9ff1-4f70-bb09-d1a71a1973f4.png"
"11_b5c6ffef-589f-49b9-909c-05242575976c.png","OK","1421876","produtos","https://cdn.shopify.com/s/files/1/0927/8603/2953/files/11_b5c6ffef-589f-49b9-909c-05242575976c.png"
"11_c44317e1-aa56-46d2-bfa4-4501c05334a5.png","OK","1328470","produtos","https://cdn.shopify.com/s/files/1/0927/8603/2953/files/11_c44317e1-aa56-46d2-bfa4-4501c05334a5.png"
"11_f282c754-32bd-4aa2-8b96-b6400268c9c7.png","OK","1461142","produtos","https://cdn.shopify.com/s/files/1/0927/8603/2953/files/11_f282c754-32bd-4aa2-8b96-b6400268c9c7.png"
"12_41a775b5-b0d1-4109-8d38-d2c41afe72ec.png","OK","1465984","produtos","https://cdn.shopify.com/s/files/1/0927/8603/2953/files/12_41a775b5-b0d1-4109-8d38-d2c41afe72ec.png"
"12_6fe7de43-407a-49f6-ba9e-ef568334b72b.png","OK","1368751","produtos","https://cdn.shopify.com/s/files/1/0927/8603/2953/files/12_6fe7de43-407a-49f6-ba9e-ef568334b72b.png"
"12_7ff4e7a7-0db1-4338-90db-fa11afe86995.png","OK","1409513","produtos","https://cdn.shopify.com/s/files/1/0927/8603/2953/files/12_7ff4e7a7-0db1-4338-90db-fa11afe86995.png"
"12_840d5cf4-f88a-4d38-8c37-94e1dca57211.png","OK","1577322","produtos","https://cdn.shopify.com/s/files/1/0927/8603/2953/files/12_840d5cf4-f88a-4d38-8c37-94e1dca57211.png"
"12_ac0a2753-580a-4da7-9159-b6d0064987f2.png","OK","274364","produtos","https://cdn.shopify.com/s/files/1/0927/8603/2953/files/12_ac0a2753-580a-4da7-9159-b6d0064987f2.png"
"12_dc5db75c-20e3-4416-909d-49ba1ccabb73.png","OK","1543056","produtos","https://cdn.shopify.com/s/files/1/0927/8603/2953/files/12_dc5db75c-20e3-4416-909d-49ba1ccabb73.png"
"13_7b335f7c-05b7-474c-b2c1-a623ea1bce3d.png","OK","1598423","produtos","https://cdn.shopify.com/s/files/1/0927/8603/2953/files/13_7b335f7c-05b7-474c-b2c1-a623ea1bce3d.png"
"13_e83f25dc-e586-4630-b625-da8bfe4da516.png","OK","1239590","produtos","https://cdn.shopify.com/s/files/1/0927/8603/2953/files/13_e83f25dc-e586-4630-b625-da8bfe4da516.png"
"138.png","OK","1381493","images","https://cdn.shopify.com/s/files/1/0927/8603/2953/files/138.png"
"139.png","OK","1306662","images","https://cdn.shopify.com/s/files/1/0927/8603/2953/files/139.png"
"14_1fa124c6-c724-42a3-84e4-13408cb1ebb8.png","OK","1265282","produtos","https://cdn.shopify.com/s/files/1/0927/8603/2953/files/14_1fa124c6-c724-42a3-84e4-13408cb1ebb8.png"
"14_30595729-6ac9-4744-93fd-ad0f16cfd79e.png","OK","1580772","produtos","https://cdn.shopify.com/s/files/1/0927/8603/2953/files/14_30595729-6ac9-4744-93fd-ad0f16cfd79e.png"
"14_39243c6c-1cb5-4aae-9cc6-3038a9e7b189.png","OK","1300743","produtos","https://cdn.shopify.com/s/files/1/0927/8603/2953/files/14_39243c6c-1cb5-4aae-9cc6-3038a9e7b189.png"
"14_d5b199b8-cfec-434c-a79e-bca9674b7690.png","OK","1972931","produtos","https://cdn.shopify.com/s/files/1/0927/8603/2953/files/14_d5b199b8-cfec-434c-a79e-bca9674b7690.png"
"141.png","OK","1450634","images","https://cdn.shopify.com/s/files/1/0927/8603/2953/files/141.png"
"15_0132b8c3-e15b-4f5f-82ea-6a3bbd0606bf.png","OK","1519177","produtos","https://cdn.shopify.com/s/files/1/0927/8603/2953/files/15_0132b8c3-e15b-4f5f-82ea-6a3bbd0606bf.png"
"15_5773718a-b879-4e74-b519-e5a1224a4d83.png","OK","1628137","produtos","https://cdn.shopify.com/s/files/1/0927/8603/2953/files/15_5773718a-b879-4e74-b519-e5a1224a4d83.png"
"15_727e3553-8e9e-491f-8150-2629e0bda2d2.png","OK","222211","produtos","https://cdn.shopify.com/s/files/1/0927/8603/2953/files/15_727e3553-8e9e-491f-8150-2629e0bda2d2.png"
"16_2f4e5032-a517-461f-9bc5-4c570a996fc5.png","OK","1446285","produtos","https://cdn.shopify.com/s/files/1/0927/8603/2953/files/16_2f4e5032-a517-461f-9bc5-4c570a996fc5.png"
"16_88fded28-b01e-4c2e-baa0-81db4e37c0df.png","OK","1631927","produtos","https://cdn.shopify.com/s/files/1/0927/8603/2953/files/16_88fded28-b01e-4c2e-baa0-81db4e37c0df.png"
"16_d04b6cbf-7b31-4d40-85d9-57a5c68e0bd1.png","OK","1433682","produtos","https://cdn.shopify.com/s/files/1/0927/8603/2953/files/16_d04b6cbf-7b31-4d40-85d9-57a5c68e0bd1.png"
"16_d53b2c1f-9e24-4df7-a104-795a36ce61fb.png","OK","283301","produtos","https://cdn.shopify.com/s/files/1/0927/8603/2953/files/16_d53b2c1f-9e24-4df7-a104-795a36ce61fb.png"
"17_1ed082fb-e0b8-4e28-9e85-43f7d49f1c9c.png","OK","1906533","produtos","https://cdn.shopify.com/s/files/1/0927/8603/2953/files/17_1ed082fb-e0b8-4e28-9e85-43f7d49f1c9c.png"
"17_386c66d5-6002-495a-b56c-8c4f6e367e2b.png","OK","235600","produtos","https://cdn.shopify.com/s/files/1/0927/8603/2953/files/17_386c66d5-6002-495a-b56c-8c4f6e367e2b.png"
"17_6757a46a-cbd5-4501-9863-9bc55b389c41.png","OK","1245421","produtos","https://cdn.shopify.com/s/files/1/0927/8603/2953/files/17_6757a46a-cbd5-4501-9863-9bc55b389c41.png"
"17_82215c80-323e-4af3-a364-ac44240ad66a.png","OK","1486465","produtos","https://cdn.shopify.com/s/files/1/0927/8603/2953/files/17_82215c80-323e-4af3-a364-ac44240ad66a.png"
"177.png","OK","1500419","images","https://cdn.shopify.com/s/files/1/0927/8603/2953/files/177.png"
"178.png","OK","1443609","images","https://cdn.shopify.com/s/files/1/0927/8603/2953/files/178.png"
"179.png","OK","1346352","images","https://cdn.shopify.com/s/files/1/0927/8603/2953/files/179.png"
"18_37ba4b41-f0a3-4695-9ab0-40e911ad98cb.png","OK","2007216","produtos","https://cdn.shopify.com/s/files/1/0927/8603/2953/files/18_37ba4b41-f0a3-4695-9ab0-40e911ad98cb.png"
"18_785cb000-9869-4300-b1e9-153848eca830.png","OK","277922","produtos","https://cdn.shopify.com/s/files/1/0927/8603/2953/files/18_785cb000-9869-4300-b1e9-153848eca830.png"
"18_791cadd8-85e3-4209-86e5-9fdfd3830342.png","OK","1459582","produtos","https://cdn.shopify.com/s/files/1/0927/8603/2953/files/18_791cadd8-85e3-4209-86e5-9fdfd3830342.png"
"18_e14105af-2fbf-4f82-99db-eeb2458a831b.png","OK","891831","produtos","https://cdn.shopify.com/s/files/1/0927/8603/2953/files/18_e14105af-2fbf-4f82-99db-eeb2458a831b.png"
"180.png","OK","1783774","images","https://cdn.shopify.com/s/files/1/0927/8603/2953/files/180.png"
"19_0a462b75-4968-4591-9b94-c7d49d54e677.png","OK","1289001","produtos","https://cdn.shopify.com/s/files/1/0927/8603/2953/files/19_0a462b75-4968-4591-9b94-c7d49d54e677.png"
"19_30b0ab94-0547-48dd-adb8-1c0c543eb1d5.png","OK","1489198","produtos","https://cdn.shopify.com/s/files/1/0927/8603/2953/files/19_30b0ab94-0547-48dd-adb8-1c0c543eb1d5.png"
"19_397fc9fe-face-4bb5-ad63-a3e079358fb6.png","OK","1496099","produtos","https://cdn.shopify.com/s/files/1/0927/8603/2953/files/19_397fc9fe-face-4bb5-ad63-a3e079358fb6.png"
"19_4c336001-3101-442d-b38b-19d002833c78.png","OK","240407","produtos","https://cdn.shopify.com/s/files/1/0927/8603/2953/files/19_4c336001-3101-442d-b38b-19d002833c78.png"
"19_5aebae7b-2549-4bf8-a249-de4c23691830.png","OK","1470548","produtos","https://cdn.shopify.com/s/files/1/0927/8603/2953/files/19_5aebae7b-2549-4bf8-a249-de4c23691830.png"
"19_8e983e56-168f-4564-97f6-9134b02606d0.png","OK","1990585","produtos","https://cdn.shopify.com/s/files/1/0927/8603/2953/files/19_8e983e56-168f-4564-97f6-9134b02606d0.png"
"2_110304b2-947e-4a54-96aa-2c0985db1c9c.png","OK","1478073","produtos","https://cdn.shopify.com/s/files/1/0927/8603/2953/files/2_110304b2-947e-4a54-96aa-2c0985db1c9c.png"
"2_1213654d-591e-47f4-aee8-3fe842c81839.png","OK","1436005","produtos","https://cdn.shopify.com/s/files/1/0927/8603/2953/files/2_1213654d-591e-47f4-aee8-3fe842c81839.png"
"2_340eda1e-0a6b-4334-943b-af5711ffa5e8.png","OK","1452559","produtos","https://cdn.shopify.com/s/files/1/0927/8603/2953/files/2_340eda1e-0a6b-4334-943b-af5711ffa5e8.png"
"2_34c7c082-0b15-4888-be59-3b51c11c8bce.png","OK","1904686","produtos","https://cdn.shopify.com/s/files/1/0927/8603/2953/files/2_34c7c082-0b15-4888-be59-3b51c11c8bce.png"
"2_42db7f01-e13b-492e-a286-1d407b5c126c.png","OK","1369326","produtos","https://cdn.shopify.com/s/files/1/0927/8603/2953/files/2_42db7f01-e13b-492e-a286-1d407b5c126c.png"
"2_49c3e0d2-6c55-4921-ac66-565162655a0d.png","OK","1512836","produtos","https://cdn.shopify.com/s/files/1/0927/8603/2953/files/2_49c3e0d2-6c55-4921-ac66-565162655a0d.png"
"2_5498bf9a-3128-4b91-8703-1844b68568c1.png","OK","1523995","produtos","https://cdn.shopify.com/s/files/1/0927/8603/2953/files/2_5498bf9a-3128-4b91-8703-1844b68568c1.png"
"2_56ce4f25-9ac3-4b08-8bb8-da79098a32c0.png","OK","1728315","produtos","https://cdn.shopify.com/s/files/1/0927/8603/2953/files/2_56ce4f25-9ac3-4b08-8bb8-da79098a32c0.png"
"2_5d7d74fa-9fe8-43bc-9ae9-23f2971fb358.png","OK","1303617","produtos","https://cdn.shopify.com/s/files/1/0927/8603/2953/files/2_5d7d74fa-9fe8-43bc-9ae9-23f2971fb358.png"
"2_6011cdd8-7b6b-4ceb-9ccf-da783adff239.png","OK","1546749","produtos","https://cdn.shopify.com/s/files/1/0927/8603/2953/files/2_6011cdd8-7b6b-4ceb-9ccf-da783adff239.png"
"2_9316ae3c-0416-4185-88b0-7a9bca53c624.png","OK","1702351","produtos","https://cdn.shopify.com/s/files/1/0927/8603/2953/files/2_9316ae3c-0416-4185-88b0-7a9bca53c624.png"
"2_ad7b6074-94ef-4f22-8eba-63a39093fcd3.png","OK","1868251","produtos","https://cdn.shopify.com/s/files/1/0927/8603/2953/files/2_ad7b6074-94ef-4f22-8eba-63a39093fcd3.png"
"2_c764f794-6a6e-44c5-9c24-340ea3932517.png","OK","1723489","produtos","https://cdn.shopify.com/s/files/1/0927/8603/2953/files/2_c764f794-6a6e-44c5-9c24-340ea3932517.png"
"2_c912d196-ef66-4553-94f0-f8a1da4598ba.png","OK","284424","produtos","https://cdn.shopify.com/s/files/1/0927/8603/2953/files/2_c912d196-ef66-4553-94f0-f8a1da4598ba.png"
"2_cdf2db9e-19cf-4b93-9abc-a56a544556bf.png","OK","1366900","produtos","https://cdn.shopify.com/s/files/1/0927/8603/2953/files/2_cdf2db9e-19cf-4b93-9abc-a56a544556bf.png"
"2_e52b1e73-bcda-45ce-8cbf-8c72423e150b.png","OK","1594762","produtos","https://cdn.shopify.com/s/files/1/0927/8603/2953/files/2_e52b1e73-bcda-45ce-8cbf-8c72423e150b.png"
"2_e5825243-e8ab-4a93-95e4-95fae345cced.png","OK","1388842","produtos","https://cdn.shopify.com/s/files/1/0927/8603/2953/files/2_e5825243-e8ab-4a93-95e4-95fae345cced.png"
"2_e7e89f53-0106-4b70-8be9-b3389a05eebf.png","OK","1493683","produtos","https://cdn.shopify.com/s/files/1/0927/8603/2953/files/2_e7e89f53-0106-4b70-8be9-b3389a05eebf.png"
"2_eac42e56-8267-4096-a308-53faa636f5f9.png","OK","694445","produtos","https://cdn.shopify.com/s/files/1/0927/8603/2953/files/2_eac42e56-8267-4096-a308-53faa636f5f9.png"
"20_4c5c9390-d803-46df-874f-ed1b8d9bff0a.png","OK","248806","produtos","https://cdn.shopify.com/s/files/1/0927/8603/2953/files/20_4c5c9390-d803-46df-874f-ed1b8d9bff0a.png"
"20_5b904340-ccd6-4fc0-8241-61ff1ad0a853.png","OK","1440147","produtos","https://cdn.shopify.com/s/files/1/0927/8603/2953/files/20_5b904340-ccd6-4fc0-8241-61ff1ad0a853.png"
"20_6561dfaa-77c7-4244-b096-239d31e0a846.png","OK","1594573","produtos","https://cdn.shopify.com/s/files/1/0927/8603/2953/files/20_6561dfaa-77c7-4244-b096-239d31e0a846.png"
"20_8dd5089b-d518-40b9-b738-06f14c9e38f0.png","OK","569096","produtos","https://cdn.shopify.com/s/files/1/0927/8603/2953/files/20_8dd5089b-d518-40b9-b738-06f14c9e38f0.png"
"21_3182562c-7887-4cee-801b-d0a9e2ecaa36.png","OK","255646","produtos","https://cdn.shopify.com/s/files/1/0927/8603/2953/files/21_3182562c-7887-4cee-801b-d0a9e2ecaa36.png"
"21_9f04026d-4501-4454-9523-d58f1245e5fc.png","OK","1376369","produtos","https://cdn.shopify.com/s/files/1/0927/8603/2953/files/21_9f04026d-4501-4454-9523-d58f1245e5fc.png"
"21_c15cd625-3fd0-49f4-8f77-4651c5323269.png","OK","2045417","produtos","https://cdn.shopify.com/s/files/1/0927/8603/2953/files/21_c15cd625-3fd0-49f4-8f77-4651c5323269.png"
"22_2c647904-5569-4547-9ee4-2ffc140f7cbd.png","OK","292734","produtos","https://cdn.shopify.com/s/files/1/0927/8603/2953/files/22_2c647904-5569-4547-9ee4-2ffc140f7cbd.png"
"22_c91b4701-b8c6-4747-b57c-2621180a7990.png","OK","1949288","produtos","https://cdn.shopify.com/s/files/1/0927/8603/2953/files/22_c91b4701-b8c6-4747-b57c-2621180a7990.png"
"22_d7ea278a-fc14-444c-be5a-937367f216bc.png","OK","587172","produtos","https://cdn.shopify.com/s/files/1/0927/8603/2953/files/22_d7ea278a-fc14-444c-be5a-937367f216bc.png"
"23_239c02a1-549f-4e10-b703-08257dbd263f.png","OK","1446822","produtos","https://cdn.shopify.com/s/files/1/0927/8603/2953/files/23_239c02a1-549f-4e10-b703-08257dbd263f.png"
"23_6a05bc87-ef42-4b15-97a4-7acfe7dc59d2.png","OK","235363","produtos","https://cdn.shopify.com/s/files/1/0927/8603/2953/files/23_6a05bc87-ef42-4b15-97a4-7acfe7dc59d2.png"
"23_c8c98b43-aef4-473b-8bb1-744551d4794a.png","OK","662984","produtos","https://cdn.shopify.com/s/files/1/0927/8603/2953/files/23_c8c98b43-aef4-473b-8bb1-744551d4794a.png"
"24_19bed579-72fe-4226-871e-a6026f449b9e.png","OK","652436","produtos","https://cdn.shopify.com/s/files/1/0927/8603/2953/files/24_19bed579-72fe-4226-871e-a6026f449b9e.png"
"24_2ce5f7b0-47f0-495e-8bb6-f9340f6b10a5.png","OK","2021822","produtos","https://cdn.shopify.com/s/files/1/0927/8603/2953/files/24_2ce5f7b0-47f0-495e-8bb6-f9340f6b10a5.png"
"24_d1f6f92e-453a-453a-b2fd-17312ea1af45.png","OK","1427754","produtos","https://cdn.shopify.com/s/files/1/0927/8603/2953/files/24_d1f6f92e-453a-453a-b2fd-17312ea1af45.png"
"24_f0701765-074b-4d9b-ade2-9cf66b2e002f.png","OK","281299","produtos","https://cdn.shopify.com/s/files/1/0927/8603/2953/files/24_f0701765-074b-4d9b-ade2-9cf66b2e002f.png"
"24_fe55dae5-a435-4661-90b2-155e8fbc94fb.png","OK","647218","produtos","https://cdn.shopify.com/s/files/1/0927/8603/2953/files/24_fe55dae5-a435-4661-90b2-155e8fbc94fb.png"
"25_09d89b08-485c-4d87-9bfa-31421a37f2f7.png","OK","229493","produtos","https://cdn.shopify.com/s/files/1/0927/8603/2953/files/25_09d89b08-485c-4d87-9bfa-31421a37f2f7.png"
"25_34254c40-6ced-4b3c-990c-80091d178e94.png","OK","1121212","produtos","https://cdn.shopify.com/s/files/1/0927/8603/2953/files/25_34254c40-6ced-4b3c-990c-80091d178e94.png"
"25_a6d9ba51-9668-4676-b306-a0635851ee78.png","OK","569579","produtos","https://cdn.shopify.com/s/files/1/0927/8603/2953/files/25_a6d9ba51-9668-4676-b306-a0635851ee78.png"
"25_c02f8f82-68dc-4ebc-a94c-ae44add2c333.png","OK","1363583","produtos","https://cdn.shopify.com/s/files/1/0927/8603/2953/files/25_c02f8f82-68dc-4ebc-a94c-ae44add2c333.png"
"26_275e0f4d-a5ad-41e9-b726-ce2d83a1dee5.png","OK","1888139","produtos","https://cdn.shopify.com/s/files/1/0927/8603/2953/files/26_275e0f4d-a5ad-41e9-b726-ce2d83a1dee5.png"
"26_34d27ac9-f161-4d4d-8f4d-2f4e21ffb0c1.png","OK","1551463","produtos","https://cdn.shopify.com/s/files/1/0927/8603/2953/files/26_34d27ac9-f161-4d4d-8f4d-2f4e21ffb0c1.png"
"26_39f394a0-4805-40cd-a2f4-f18044b06bee.png","OK","532144","produtos","https://cdn.shopify.com/s/files/1/0927/8603/2953/files/26_39f394a0-4805-40cd-a2f4-f18044b06bee.png"
"26_3c3505d3-e7c5-4fa1-93ac-ebce17bf2341.png","OK","1255987","produtos","https://cdn.shopify.com/s/files/1/0927/8603/2953/files/26_3c3505d3-e7c5-4fa1-93ac-ebce17bf2341.png"
"26_4be94253-fc7b-4c2d-b7fb-28dfb38fd352.png","OK","265746","produtos","https://cdn.shopify.com/s/files/1/0927/8603/2953/files/26_4be94253-fc7b-4c2d-b7fb-28dfb38fd352.png"
"27_63dfa850-40b7-4629-9b44-620a6e6e12dd.png","OK","562424","produtos","https://cdn.shopify.com/s/files/1/0927/8603/2953/files/27_63dfa850-40b7-4629-9b44-620a6e6e12dd.png"
"27_73a38805-b235-490e-9588-45d2b7b026ce.png","OK","1230914","produtos","https://cdn.shopify.com/s/files/1/0927/8603/2953/files/27_73a38805-b235-490e-9588-45d2b7b026ce.png"
"27_995ca209-a8a6-4be7-9865-66f757d55262.png","OK","806582","produtos","https://cdn.shopify.com/s/files/1/0927/8603/2953/files/27_995ca209-a8a6-4be7-9865-66f757d55262.png"
"27_fdcfb32d-0366-4dc9-8f9a-096f9799ea07.png","OK","1770858","produtos","https://cdn.shopify.com/s/files/1/0927/8603/2953/files/27_fdcfb32d-0366-4dc9-8f9a-096f9799ea07.png"
"28_08022759-493d-4283-8451-962d09e304b3.png","OK","1625935","produtos","https://cdn.shopify.com/s/files/1/0927/8603/2953/files/28_08022759-493d-4283-8451-962d09e304b3.png"
"28_37fd8c93-c891-463a-8fa5-152a7369fa64.png","OK","2046772","produtos","https://cdn.shopify.com/s/files/1/0927/8603/2953/files/28_37fd8c93-c891-463a-8fa5-152a7369fa64.png"
"28_605407c9-5fe6-4849-b00f-4a3991e976f6.png","OK","1860869","produtos","https://cdn.shopify.com/s/files/1/0927/8603/2953/files/28_605407c9-5fe6-4849-b00f-4a3991e976f6.png"
"28_6475732d-caa9-4d76-9bc9-2474435fbd4e.png","OK","1374761","produtos","https://cdn.shopify.com/s/files/1/0927/8603/2953/files/28_6475732d-caa9-4d76-9bc9-2474435fbd4e.png"
"28_f4281437-8a8e-418c-ab00-17d87f1847bc.png","OK","444149","produtos","https://cdn.shopify.com/s/files/1/0927/8603/2953/files/28_f4281437-8a8e-418c-ab00-17d87f1847bc.png"
"29_1f2476af-9fac-4354-99e9-16971b3ec867.png","OK","382669","produtos","https://cdn.shopify.com/s/files/1/0927/8603/2953/files/29_1f2476af-9fac-4354-99e9-16971b3ec867.png"
"29_4295a6a0-4271-46b9-b343-359fd9ed4352.png","OK","241586","produtos","https://cdn.shopify.com/s/files/1/0927/8603/2953/files/29_4295a6a0-4271-46b9-b343-359fd9ed4352.png"
"29_5183c150-8b98-4902-b178-b73cc5abc8f2.png","OK","1455943","produtos","https://cdn.shopify.com/s/files/1/0927/8603/2953/files/29_5183c150-8b98-4902-b178-b73cc5abc8f2.png"
"29_8a477250-7537-421b-a269-b5959dc8eaf4.png","OK","852061","produtos","https://cdn.shopify.com/s/files/1/0927/8603/2953/files/29_8a477250-7537-421b-a269-b5959dc8eaf4.png"
"29_ba3eee53-b013-4ff3-953b-4a669f895c23.png","OK","1593548","produtos","https://cdn.shopify.com/s/files/1/0927/8603/2953/files/29_ba3eee53-b013-4ff3-953b-4a669f895c23.png"
"29_d9767355-42a0-46fb-9c5f-4aa015f88d9d.png","OK","1462158","produtos","https://cdn.shopify.com/s/files/1/0927/8603/2953/files/29_d9767355-42a0-46fb-9c5f-4aa015f88d9d.png"
"3_029ef1b8-a31a-4a7a-a12f-5a0a1c773c00.png","OK","1527936","produtos","https://cdn.shopify.com/s/files/1/0927/8603/2953/files/3_029ef1b8-a31a-4a7a-a12f-5a0a1c773c00.png"
"3_2d01065b-63ad-43de-a82e-fb54263d9b34.png","OK","1360643","produtos","https://cdn.shopify.com/s/files/1/0927/8603/2953/files/3_2d01065b-63ad-43de-a82e-fb54263d9b34.png"
"3_308d4af1-8731-4aac-bd84-71ba1f796be7.png","OK","1704935","produtos","https://cdn.shopify.com/s/files/1/0927/8603/2953/files/3_308d4af1-8731-4aac-bd84-71ba1f796be7.png"
"3_36d09fc8-cba8-425c-a2ea-ee8441d31883.png","OK","1512657","produtos","https://cdn.shopify.com/s/files/1/0927/8603/2953/files/3_36d09fc8-cba8-425c-a2ea-ee8441d31883.png"
"3_46dd6847-e222-46d4-9eb9-b8e40ab1c3cb.png","OK","1536335","produtos","https://cdn.shopify.com/s/files/1/0927/8603/2953/files/3_46dd6847-e222-46d4-9eb9-b8e40ab1c3cb.png"
"3_4a000a16-8282-4797-8ef3-4822cae2a61b.png","OK","1449432","produtos","https://cdn.shopify.com/s/files/1/0927/8603/2953/files/3_4a000a16-8282-4797-8ef3-4822cae2a61b.png"
"3_55b415d8-8dff-4d58-85c0-306649cb73fe.png","OK","1269487","produtos","https://cdn.shopify.com/s/files/1/0927/8603/2953/files/3_55b415d8-8dff-4d58-85c0-306649cb73fe.png"
"3_62cb0ed3-e07e-49cc-851c-8d884725fad6.png","OK","1529166","produtos","https://cdn.shopify.com/s/files/1/0927/8603/2953/files/3_62cb0ed3-e07e-49cc-851c-8d884725fad6.png"
"3_6a8e9834-5d76-4740-a136-add747e35362.png","OK","1405631","produtos","https://cdn.shopify.com/s/files/1/0927/8603/2953/files/3_6a8e9834-5d76-4740-a136-add747e35362.png"
"3_76d43f6b-2960-48f4-911c-9654f73e443d.png","OK","1482989","produtos","https://cdn.shopify.com/s/files/1/0927/8603/2953/files/3_76d43f6b-2960-48f4-911c-9654f73e443d.png"
"3_8d18d787-d548-44e4-97cd-5f46b4a81bff.png","OK","769934","produtos","https://cdn.shopify.com/s/files/1/0927/8603/2953/files/3_8d18d787-d548-44e4-97cd-5f46b4a81bff.png"
"3_9712e8bd-3052-4539-8b04-74f384236fed.png","OK","1006715","produtos","https://cdn.shopify.com/s/files/1/0927/8603/2953/files/3_9712e8bd-3052-4539-8b04-74f384236fed.png"
"3_a0d4b69d-a476-4551-8016-8f1c7371dee8.png","OK","1386838","produtos","https://cdn.shopify.com/s/files/1/0927/8603/2953/files/3_a0d4b69d-a476-4551-8016-8f1c7371dee8.png"
"3_c1d0ecbf-37cf-4f2c-93ab-e033c1eff796.png","OK","1469256","produtos","https://cdn.shopify.com/s/files/1/0927/8603/2953/files/3_c1d0ecbf-37cf-4f2c-93ab-e033c1eff796.png"
"3_d08f757f-72e8-4898-8388-af896ac07e9e.png","OK","1498525","produtos","https://cdn.shopify.com/s/files/1/0927/8603/2953/files/3_d08f757f-72e8-4898-8388-af896ac07e9e.png"
"3_d35cc9ed-774f-4272-a356-081eb7d58064.png","OK","264642","produtos","https://cdn.shopify.com/s/files/1/0927/8603/2953/files/3_d35cc9ed-774f-4272-a356-081eb7d58064.png"
"3_f44c9525-7119-4900-8cae-4c4d52e2c356.png","OK","1388094","produtos","https://cdn.shopify.com/s/files/1/0927/8603/2953/files/3_f44c9525-7119-4900-8cae-4c4d52e2c356.png"
"3_f992d9ff-002e-4ac2-87ed-fedbb3f1f8ad.png","OK","1519204","produtos","https://cdn.shopify.com/s/files/1/0927/8603/2953/files/3_f992d9ff-002e-4ac2-87ed-fedbb3f1f8ad.png"
"30_04adc58c-823d-4ee9-ab93-c200b01b6f90.png","OK","486026","produtos","https://cdn.shopify.com/s/files/1/0927/8603/2953/files/30_04adc58c-823d-4ee9-ab93-c200b01b6f90.png"
"30_1f5adeb7-6441-40be-b8f8-ba7c04d3273b.png","OK","1670432","produtos","https://cdn.shopify.com/s/files/1/0927/8603/2953/files/30_1f5adeb7-6441-40be-b8f8-ba7c04d3273b.png"
"30_6f75ead6-e8e4-4585-9579-95bb3c8a6e26.png","OK","1476844","produtos","https://cdn.shopify.com/s/files/1/0927/8603/2953/files/30_6f75ead6-e8e4-4585-9579-95bb3c8a6e26.png"
"30_d1773db8-6e18-4764-ba33-e5eb856bf06c.png","OK","252098","produtos","https://cdn.shopify.com/s/files/1/0927/8603/2953/files/30_d1773db8-6e18-4764-ba33-e5eb856bf06c.png"
"31_0058dd2d-0508-4101-84be-7f8e53c4ac62.png","OK","829796","produtos","https://cdn.shopify.com/s/files/1/0927/8603/2953/files/31_0058dd2d-0508-4101-84be-7f8e53c4ac62.png"
"31_2820cb3f-5714-4952-a57c-bd7cfe832af3.png","OK","336084","produtos","https://cdn.shopify.com/s/files/1/0927/8603/2953/files/31_2820cb3f-5714-4952-a57c-bd7cfe832af3.png"
"31_5d7606c1-5c44-4ae0-8419-1ab966d59400.png","OK","453812","produtos","https://cdn.shopify.com/s/files/1/0927/8603/2953/files/31_5d7606c1-5c44-4ae0-8419-1ab966d59400.png"
"31_8aa65dbd-dda7-470c-a908-564ad3b910eb.png","OK","1404961","produtos","https://cdn.shopify.com/s/files/1/0927/8603/2953/files/31_8aa65dbd-dda7-470c-a908-564ad3b910eb.png"
"31_9099d2b0-a249-4298-a0b5-b5ce747deab2.png","OK","1620655","produtos","https://cdn.shopify.com/s/files/1/0927/8603/2953/files/31_9099d2b0-a249-4298-a0b5-b5ce747deab2.png"
"32_530f452c-c6ba-4520-89bc-0f1af9791d5c.png","OK","1541528","produtos","https://cdn.shopify.com/s/files/1/0927/8603/2953/files/32_530f452c-c6ba-4520-89bc-0f1af9791d5c.png"
"32_96dc1922-4c3b-4a42-a72d-e26bb98fd3fc.png","OK","381296","produtos","https://cdn.shopify.com/s/files/1/0927/8603/2953/files/32_96dc1922-4c3b-4a42-a72d-e26bb98fd3fc.png"
"32_ceb2cc52-3711-4cf7-9527-ce112637c891.png","OK","214739","produtos","https://cdn.shopify.com/s/files/1/0927/8603/2953/files/32_ceb2cc52-3711-4cf7-9527-ce112637c891.png"
"32_e4431658-8071-4d60-9889-fce33dc2650c.png","OK","1459389","produtos","https://cdn.shopify.com/s/files/1/0927/8603/2953/files/32_e4431658-8071-4d60-9889-fce33dc2650c.png"
"32_eaed0507-8e6f-4e45-b21d-b3b7ed4cf356.png","OK","996732","produtos","https://cdn.shopify.com/s/files/1/0927/8603/2953/files/32_eaed0507-8e6f-4e45-b21d-b3b7ed4cf356.png"
"33_9b051aad-8e14-4c1b-9988-150ebb7aba3a.png","OK","1444273","produtos","https://cdn.shopify.com/s/files/1/0927/8603/2953/files/33_9b051aad-8e14-4c1b-9988-150ebb7aba3a.png"
"33_a9ace0fe-641f-4868-81d2-e022f0b63c12.png","OK","1925821","produtos","https://cdn.shopify.com/s/files/1/0927/8603/2953/files/33_a9ace0fe-641f-4868-81d2-e022f0b63c12.png"
"34_2470b0ab-9a70-42ec-ab85-8eecb1e0259c.png","OK","785836","produtos","https://cdn.shopify.com/s/files/1/0927/8603/2953/files/34_2470b0ab-9a70-42ec-ab85-8eecb1e0259c.png"
"34_40d8eadb-333c-4c22-b518-55e4061736d3.png","OK","1361880","produtos","https://cdn.shopify.com/s/files/1/0927/8603/2953/files/34_40d8eadb-333c-4c22-b518-55e4061736d3.png"
"34_ab5af02c-b924-448c-b547-0d20060a1a41.png","OK","1517811","produtos","https://cdn.shopify.com/s/files/1/0927/8603/2953/files/34_ab5af02c-b924-448c-b547-0d20060a1a41.png"
"34_eb0f13db-b3fd-43ad-b3e1-61dd39c29e36.png","OK","1993466","produtos","https://cdn.shopify.com/s/files/1/0927/8603/2953/files/34_eb0f13db-b3fd-43ad-b3e1-61dd39c29e36.png"
"35_4a6094c2-a01b-492d-81d1-f0240bde5eee.png","OK","1526486","produtos","https://cdn.shopify.com/s/files/1/0927/8603/2953/files/35_4a6094c2-a01b-492d-81d1-f0240bde5eee.png"
"35_637dad08-44bc-4c0e-9d03-844365a633f3.png","OK","257472","produtos","https://cdn.shopify.com/s/files/1/0927/8603/2953/files/35_637dad08-44bc-4c0e-9d03-844365a633f3.png"
"35_bc11449e-9168-4163-afd1-0818beb18413.png","OK","832902","produtos","https://cdn.shopify.com/s/files/1/0927/8603/2953/files/35_bc11449e-9168-4163-afd1-0818beb18413.png"
"36_4f466c3a-9247-4adf-ba4a-4a4168ddfd47.png","OK","694771","produtos","https://cdn.shopify.com/s/files/1/0927/8603/2953/files/36_4f466c3a-9247-4adf-ba4a-4a4168ddfd47.png"
"36_aa4c4afa-a8f6-4479-85a7-d4809ff866c9.png","OK","247644","produtos","https://cdn.shopify.com/s/files/1/0927/8603/2953/files/36_aa4c4afa-a8f6-4479-85a7-d4809ff866c9.png"
"37_319bd98c-356c-4869-a9eb-49e21b6dcf3e.png","OK","1549352","produtos","https://cdn.shopify.com/s/files/1/0927/8603/2953/files/37_319bd98c-356c-4869-a9eb-49e21b6dcf3e.png"
"37_6bc8248b-884c-40a4-b5f6-4599ec922058.png","OK","1214723","produtos","https://cdn.shopify.com/s/files/1/0927/8603/2953/files/37_6bc8248b-884c-40a4-b5f6-4599ec922058.png"
"37_89c701df-c114-4890-a62d-63767cba573f.png","OK","228258","produtos","https://cdn.shopify.com/s/files/1/0927/8603/2953/files/37_89c701df-c114-4890-a62d-63767cba573f.png"
"38_4cfdf3e5-b392-4df4-9f25-f86dfdb4a2d5.png","OK","1533359","produtos","https://cdn.shopify.com/s/files/1/0927/8603/2953/files/38_4cfdf3e5-b392-4df4-9f25-f86dfdb4a2d5.png"
"38_9424a23d-dda5-446d-a1ed-917832c454b6.png","OK","1311746","produtos","https://cdn.shopify.com/s/files/1/0927/8603/2953/files/38_9424a23d-dda5-446d-a1ed-917832c454b6.png"
"38_fa28a03f-9601-4e1f-b2d1-9a8227c2c4b1.png","OK","226805","produtos","https://cdn.shopify.com/s/files/1/0927/8603/2953/files/38_fa28a03f-9601-4e1f-b2d1-9a8227c2c4b1.png"
"39_5ff111c0-21b5-4187-b726-634bd5b73cbf.png","OK","280481","produtos","https://cdn.shopify.com/s/files/1/0927/8603/2953/files/39_5ff111c0-21b5-4187-b726-634bd5b73cbf.png"
"39_707f6356-d2cc-4f36-937d-3367dc462228.png","OK","1546896","produtos","https://cdn.shopify.com/s/files/1/0927/8603/2953/files/39_707f6356-d2cc-4f36-937d-3367dc462228.png"
"39_cec25b9d-3c89-4536-8ae2-c996f6b99ea5.png","OK","659430","produtos","https://cdn.shopify.com/s/files/1/0927/8603/2953/files/39_cec25b9d-3c89-4536-8ae2-c996f6b99ea5.png"
"4_0ea725d1-418f-488b-9f00-9f15f78da2ce.png","OK","1520566","produtos","https://cdn.shopify.com/s/files/1/0927/8603/2953/files/4_0ea725d1-418f-488b-9f00-9f15f78da2ce.png"
"4_1ed403b3-300e-4762-9664-4740c624fe05.png","OK","1506268","produtos","https://cdn.shopify.com/s/files/1/0927/8603/2953/files/4_1ed403b3-300e-4762-9664-4740c624fe05.png"
"4_255106db-83d5-4ce8-b994-d1cffb2a3b59.png","OK","1551307","produtos","https://cdn.shopify.com/s/files/1/0927/8603/2953/files/4_255106db-83d5-4ce8-b994-d1cffb2a3b59.png"
"4_30682660-d826-4002-9969-82be63940dc8.png","OK","1983125","produtos","https://cdn.shopify.com/s/files/1/0927/8603/2953/files/4_30682660-d826-4002-9969-82be63940dc8.png"
"4_35426abc-d40e-443b-ac03-47d99d9bede8.png","OK","1502636","produtos","https://cdn.shopify.com/s/files/1/0927/8603/2953/files/4_35426abc-d40e-443b-ac03-47d99d9bede8.png"
"4_35f1555e-c124-4ee1-9580-8405f410375d.png","OK","1581724","produtos","https://cdn.shopify.com/s/files/1/0927/8603/2953/files/4_35f1555e-c124-4ee1-9580-8405f410375d.png"
"4_38c92f69-8a1d-4328-849f-ea28ae297ca0.png","OK","1409525","produtos","https://cdn.shopify.com/s/files/1/0927/8603/2953/files/4_38c92f69-8a1d-4328-849f-ea28ae297ca0.png"
"4_4e73cc24-ddf9-408c-989b-93dfb272d6de.png","OK","1413017","produtos","https://cdn.shopify.com/s/files/1/0927/8603/2953/files/4_4e73cc24-ddf9-408c-989b-93dfb272d6de.png"
"4_75e03ad0-e168-450a-ae10-091d51c22a9e.png","OK","1378020","produtos","https://cdn.shopify.com/s/files/1/0927/8603/2953/files/4_75e03ad0-e168-450a-ae10-091d51c22a9e.png"
"4_90453c1c-cced-4d3a-9000-9c402cad5dc0.png","OK","1296736","produtos","https://cdn.shopify.com/s/files/1/0927/8603/2953/files/4_90453c1c-cced-4d3a-9000-9c402cad5dc0.png"
"4_9096813f-d9e8-4fb6-80b8-d7bf5431d46a.png","OK","633366","produtos","https://cdn.shopify.com/s/files/1/0927/8603/2953/files/4_9096813f-d9e8-4fb6-80b8-d7bf5431d46a.png"
"4_ab9afc33-937e-474e-8ca5-792d8ece9888.png","OK","1663356","produtos","https://cdn.shopify.com/s/files/1/0927/8603/2953/files/4_ab9afc33-937e-474e-8ca5-792d8ece9888.png"
"4_bd5ad35b-b33a-4797-b8d3-80404127dae1.png","OK","1594074","produtos","https://cdn.shopify.com/s/files/1/0927/8603/2953/files/4_bd5ad35b-b33a-4797-b8d3-80404127dae1.png"
"4_bdc900ee-3de0-40ac-b294-f614fe662f6e.png","OK","1542844","produtos","https://cdn.shopify.com/s/files/1/0927/8603/2953/files/4_bdc900ee-3de0-40ac-b294-f614fe662f6e.png"
"4_c118e1ec-6fe5-4f5b-9a7f-1728f22d76b2.png","OK","1604873","produtos","https://cdn.shopify.com/s/files/1/0927/8603/2953/files/4_c118e1ec-6fe5-4f5b-9a7f-1728f22d76b2.png"
"4_d1074b3d-41ec-4751-9c0e-70bb6b75ca1d.png","OK","1455316","produtos","https://cdn.shopify.com/s/files/1/0927/8603/2953/files/4_d1074b3d-41ec-4751-9c0e-70bb6b75ca1d.png"
"4_d56e829f-ef7b-4e3d-96bb-16eaf4cd6bee.png","OK","713786","produtos","https://cdn.shopify.com/s/files/1/0927/8603/2953/files/4_d56e829f-ef7b-4e3d-96bb-16eaf4cd6bee.png"
"4_f84e9c4e-a63d-4736-a3e3-e533b3aa3e9b.png","OK","309836","produtos","https://cdn.shopify.com/s/files/1/0927/8603/2953/files/4_f84e9c4e-a63d-4736-a3e3-e533b3aa3e9b.png"
"40_2c41ed71-1f98-4459-8562-98f3af29231c.png","OK","1419370","produtos","https://cdn.shopify.com/s/files/1/0927/8603/2953/files/40_2c41ed71-1f98-4459-8562-98f3af29231c.png"
"40_62e7f5ab-2811-4652-8cef-95695ee3c1ac.png","OK","608263","produtos","https://cdn.shopify.com/s/files/1/0927/8603/2953/files/40_62e7f5ab-2811-4652-8cef-95695ee3c1ac.png"
"40_af169fda-8e78-481b-ac99-54848992efe5.png","OK","227430","produtos","https://cdn.shopify.com/s/files/1/0927/8603/2953/files/40_af169fda-8e78-481b-ac99-54848992efe5.png"
"41_1ce1e796-38a4-4a9d-af3a-361b701028b9.png","OK","1598608","produtos","https://cdn.shopify.com/s/files/1/0927/8603/2953/files/41_1ce1e796-38a4-4a9d-af3a-361b701028b9.png"
"41_90c78705-50d1-4419-82bf-4dabda94f03f.png","OK","1286134","produtos","https://cdn.shopify.com/s/files/1/0927/8603/2953/files/41_90c78705-50d1-4419-82bf-4dabda94f03f.png"
"41_faa72b0f-9499-4f68-b96a-564eea5160cf.png","OK","279713","produtos","https://cdn.shopify.com/s/files/1/0927/8603/2953/files/41_faa72b0f-9499-4f68-b96a-564eea5160cf.png"
"42_298c4d8d-0fe2-4987-8c10-ab034925304c.png","OK","1371689","produtos","https://cdn.shopify.com/s/files/1/0927/8603/2953/files/42_298c4d8d-0fe2-4987-8c10-ab034925304c.png"
"42_574aeabd-e134-4835-a7dc-c772c2b6ebbb.png","OK","778980","produtos","https://cdn.shopify.com/s/files/1/0927/8603/2953/files/42_574aeabd-e134-4835-a7dc-c772c2b6ebbb.png"
"42_a112caf6-e3e3-4be1-a5c1-f49e2aac48c9.png","OK","218116","produtos","https://cdn.shopify.com/s/files/1/0927/8603/2953/files/42_a112caf6-e3e3-4be1-a5c1-f49e2aac48c9.png"
"43_2913173d-4deb-43ad-ac81-cacddc8aaddf.png","OK","285719","produtos","https://cdn.shopify.com/s/files/1/0927/8603/2953/files/43_2913173d-4deb-43ad-ac81-cacddc8aaddf.png"
"43_45a4de4c-116f-4aa6-a764-1fbb308ccb37.png","OK","440750","produtos","https://cdn.shopify.com/s/files/1/0927/8603/2953/files/43_45a4de4c-116f-4aa6-a764-1fbb308ccb37.png"
"43_ee8435f5-e664-4587-8ee2-3a9afe207a4d.png","OK","1513068","produtos","https://cdn.shopify.com/s/files/1/0927/8603/2953/files/43_ee8435f5-e664-4587-8ee2-3a9afe207a4d.png"
"44_a4d63711-96fc-4631-b3f5-9ae745246036.png","OK","379030","produtos","https://cdn.shopify.com/s/files/1/0927/8603/2953/files/44_a4d63711-96fc-4631-b3f5-9ae745246036.png"
"44_c1086fcc-9fa3-40e1-98de-7493445c519b.png","OK","227166","produtos","https://cdn.shopify.com/s/files/1/0927/8603/2953/files/44_c1086fcc-9fa3-40e1-98de-7493445c519b.png"
"45_d5e62d95-6dc3-4077-ba5b-0f7700c1ce8a.png","OK","298398","produtos","https://cdn.shopify.com/s/files/1/0927/8603/2953/files/45_d5e62d95-6dc3-4077-ba5b-0f7700c1ce8a.png"
"45_f7368c1a-363c-484b-9fc6-7840bba77df4.png","OK","435816","produtos","https://cdn.shopify.com/s/files/1/0927/8603/2953/files/45_f7368c1a-363c-484b-9fc6-7840bba77df4.png"
"46_6dd967fb-61f1-4a55-a922-5bdc216deabe.png","OK","408357","produtos","https://cdn.shopify.com/s/files/1/0927/8603/2953/files/46_6dd967fb-61f1-4a55-a922-5bdc216deabe.png"
"46_e68028dd-d921-4ff6-9178-ef0ddf71d325.png","OK","261677","produtos","https://cdn.shopify.com/s/files/1/0927/8603/2953/files/46_e68028dd-d921-4ff6-9178-ef0ddf71d325.png"
"47_57702fea-5dff-4c2f-b2be-dd7ca1a51cd3.png","OK","417911","produtos","https://cdn.shopify.com/s/files/1/0927/8603/2953/files/47_57702fea-5dff-4c2f-b2be-dd7ca1a51cd3.png"
"48_d9472989-680b-488c-a038-2c0ad85e63dd.png","OK","440325","produtos","https://cdn.shopify.com/s/files/1/0927/8603/2953/files/48_d9472989-680b-488c-a038-2c0ad85e63dd.png"
"49_9b2f2968-2b7e-4746-940e-fffaf3725b45.png","OK","421348","produtos","https://cdn.shopify.com/s/files/1/0927/8603/2953/files/49_9b2f2968-2b7e-4746-940e-fffaf3725b45.png"
"5_0a6671b0-96e5-4da7-8f1e-059363e16757.png","OK","1135325","produtos","https://cdn.shopify.com/s/files/1/0927/8603/2953/files/5_0a6671b0-96e5-4da7-8f1e-059363e16757.png"
"5_390791ae-5e8e-4adc-875f-3445471e2da1.png","OK","1530617","produtos","https://cdn.shopify.com/s/files/1/0927/8603/2953/files/5_390791ae-5e8e-4adc-875f-3445471e2da1.png"
"5_4164fc4f-e49e-4cdc-9ea0-defaed1eceab.png","OK","1676422","produtos","https://cdn.shopify.com/s/files/1/0927/8603/2953/files/5_4164fc4f-e49e-4cdc-9ea0-defaed1eceab.png"
"5_44bb0505-16ac-4434-ac89-e2799a9c566c.png","OK","1382324","produtos","https://cdn.shopify.com/s/files/1/0927/8603/2953/files/5_44bb0505-16ac-4434-ac89-e2799a9c566c.png"
"5_5337f1c8-3926-42b7-9595-84be34d1c1e3.png","OK","1656193","produtos","https://cdn.shopify.com/s/files/1/0927/8603/2953/files/5_5337f1c8-3926-42b7-9595-84be34d1c1e3.png"
"5_6e41013d-efeb-4e50-aa46-20de35449d62.png","OK","1520417","produtos","https://cdn.shopify.com/s/files/1/0927/8603/2953/files/5_6e41013d-efeb-4e50-aa46-20de35449d62.png"
"5_8eea13c7-4997-47b6-ba2c-d507480ec91d.png","OK","1616747","produtos","https://cdn.shopify.com/s/files/1/0927/8603/2953/files/5_8eea13c7-4997-47b6-ba2c-d507480ec91d.png"
"5_9f056f7a-9f5e-485c-a29c-b15d0eb6432b.png","OK","1809989","produtos","https://cdn.shopify.com/s/files/1/0927/8603/2953/files/5_9f056f7a-9f5e-485c-a29c-b15d0eb6432b.png"
"5_aa124bd9-acb9-4cb0-8270-4db39a8648f0.png","OK","1198268","produtos","https://cdn.shopify.com/s/files/1/0927/8603/2953/files/5_aa124bd9-acb9-4cb0-8270-4db39a8648f0.png"
"5_ab019907-e44d-4884-83aa-4e533899683f.png","OK","1417020","produtos","https://cdn.shopify.com/s/files/1/0927/8603/2953/files/5_ab019907-e44d-4884-83aa-4e533899683f.png"
"5_d93654ff-78d6-43ba-84ab-fd6f37837250.png","OK","712652","produtos","https://cdn.shopify.com/s/files/1/0927/8603/2953/files/5_d93654ff-78d6-43ba-84ab-fd6f37837250.png"
"5_efd19fcb-d945-4b5f-82e6-78eb846cafb3.png","OK","1576227","produtos","https://cdn.shopify.com/s/files/1/0927/8603/2953/files/5_efd19fcb-d945-4b5f-82e6-78eb846cafb3.png"
"5_f050a351-bb4b-4b18-9d86-b4886a33a99a.png","OK","1446329","produtos","https://cdn.shopify.com/s/files/1/0927/8603/2953/files/5_f050a351-bb4b-4b18-9d86-b4886a33a99a.png"
"5_f3953e12-a757-46db-baad-b8f529c7cc9c.png","OK","327559","produtos","https://cdn.shopify.com/s/files/1/0927/8603/2953/files/5_f3953e12-a757-46db-baad-b8f529c7cc9c.png"
"6_021c0ee6-912f-4989-926c-9dd18e978d83.png","OK","286989","produtos","https://cdn.shopify.com/s/files/1/0927/8603/2953/files/6_021c0ee6-912f-4989-926c-9dd18e978d83.png"
"6_0bc5d4d9-37e9-46fe-ac8b-f38e707425c5.png","OK","1634313","produtos","https://cdn.shopify.com/s/files/1/0927/8603/2953/files/6_0bc5d4d9-37e9-46fe-ac8b-f38e707425c5.png"
"6_14e10552-2422-41c2-a760-b3af4a8b660f.png","OK","1920159","produtos","https://cdn.shopify.com/s/files/1/0927/8603/2953/files/6_14e10552-2422-41c2-a760-b3af4a8b660f.png"
"6_35a2a6d3-fb8e-4c07-a960-d27a8bef9217.png","OK","1615088","produtos","https://cdn.shopify.com/s/files/1/0927/8603/2953/files/6_35a2a6d3-fb8e-4c07-a960-d27a8bef9217.png"
"6_6b06f01e-9152-4516-8464-bc76444d0c30.png","OK","1958034","produtos","https://cdn.shopify.com/s/files/1/0927/8603/2953/files/6_6b06f01e-9152-4516-8464-bc76444d0c30.png"
"6_a6329581-4071-4d32-b55b-761ccd61a628.png","OK","1778163","produtos","https://cdn.shopify.com/s/files/1/0927/8603/2953/files/6_a6329581-4071-4d32-b55b-761ccd61a628.png"
"6_acc1d8b4-3b86-42c1-a648-910080190fe2.png","OK","1628948","produtos","https://cdn.shopify.com/s/files/1/0927/8603/2953/files/6_acc1d8b4-3b86-42c1-a648-910080190fe2.png"
"6_bc11de3a-9d65-474c-a4d0-01274302e10d.png","OK","1318475","produtos","https://cdn.shopify.com/s/files/1/0927/8603/2953/files/6_bc11de3a-9d65-474c-a4d0-01274302e10d.png"
"6_bd976aeb-3635-47ab-b665-8bbf75a52709.png","OK","836339","produtos","https://cdn.shopify.com/s/files/1/0927/8603/2953/files/6_bd976aeb-3635-47ab-b665-8bbf75a52709.png"
"62_d63a0a96-12c4-4b34-8446-2360ac9cfa33.png","OK","1343820","produtos","https://cdn.shopify.com/s/files/1/0927/8603/2953/files/62_d63a0a96-12c4-4b34-8446-2360ac9cfa33.png"
"63_612ebd70-9fd1-4703-966b-4c650fbb7bf5.png","OK","1214839","produtos","https://cdn.shopify.com/s/files/1/0927/8603/2953/files/63_612ebd70-9fd1-4703-966b-4c650fbb7bf5.png"
"64_6fbc8561-7cca-4659-aed2-e14228c3d915.png","OK","1257229","produtos","https://cdn.shopify.com/s/files/1/0927/8603/2953/files/64_6fbc8561-7cca-4659-aed2-e14228c3d915.png"
"7_2219b1df-bdf7-4ea2-9083-2265dab74a39.png","OK","1704156","produtos","https://cdn.shopify.com/s/files/1/0927/8603/2953/files/7_2219b1df-bdf7-4ea2-9083-2265dab74a39.png"
"7_3fa5f8a6-3355-4ab7-b081-f5a3a3f009d2.png","OK","1315411","produtos","https://cdn.shopify.com/s/files/1/0927/8603/2953/files/7_3fa5f8a6-3355-4ab7-b081-f5a3a3f009d2.png"
"7_7f6fbac1-dfe1-4227-81da-269759511e54.png","OK","1485335","produtos","https://cdn.shopify.com/s/files/1/0927/8603/2953/files/7_7f6fbac1-dfe1-4227-81da-269759511e54.png"
"7_8bf74fc1-cda2-4ea5-bef9-c86ccd30b8fd.png","OK","243938","produtos","https://cdn.shopify.com/s/files/1/0927/8603/2953/files/7_8bf74fc1-cda2-4ea5-bef9-c86ccd30b8fd.png"
"7_8d8e9163-c6da-4141-9e71-0e468ff76f35.png","OK","1844054","produtos","https://cdn.shopify.com/s/files/1/0927/8603/2953/files/7_8d8e9163-c6da-4141-9e71-0e468ff76f35.png"
"7_e7ca6720-5ea8-4fe1-89ff-19245077d5d6.png","OK","1386940","produtos","https://cdn.shopify.com/s/files/1/0927/8603/2953/files/7_e7ca6720-5ea8-4fe1-89ff-19245077d5d6.png"
"8_3353585f-7531-4d41-88e5-339215f1c678.png","OK","1702697","produtos","https://cdn.shopify.com/s/files/1/0927/8603/2953/files/8_3353585f-7531-4d41-88e5-339215f1c678.png"
"8_71c41d96-ff41-4e2a-bedc-a15a0ecb46b5.png","OK","1630186","produtos","https://cdn.shopify.com/s/files/1/0927/8603/2953/files/8_71c41d96-ff41-4e2a-bedc-a15a0ecb46b5.png"
"8_b084552c-8470-4d77-a759-78a90efb2b0f.png","OK","1402261","produtos","https://cdn.shopify.com/s/files/1/0927/8603/2953/files/8_b084552c-8470-4d77-a759-78a90efb2b0f.png"
"8_b5658abb-8589-4616-a57c-c6af088be0ed.png","OK","1498110","produtos","https://cdn.shopify.com/s/files/1/0927/8603/2953/files/8_b5658abb-8589-4616-a57c-c6af088be0ed.png"
"8_bb38c206-810b-45b8-956f-deb80a6b2395.png","OK","1332740","produtos","https://cdn.shopify.com/s/files/1/0927/8603/2953/files/8_bb38c206-810b-45b8-956f-deb80a6b2395.png"
"8_c8596fab-33c8-4ebe-adfb-1b8fdd9c6c72.png","OK","1425066","produtos","https://cdn.shopify.com/s/files/1/0927/8603/2953/files/8_c8596fab-33c8-4ebe-adfb-1b8fdd9c6c72.png"
"8_cbdaf5b0-9a12-48c6-8c2c-303ab8af62ff.png","OK","305329","produtos","https://cdn.shopify.com/s/files/1/0927/8603/2953/files/8_cbdaf5b0-9a12-48c6-8c2c-303ab8af62ff.png"
"8_d22511fc-6703-4c5c-8b1b-813c0cdbe70a.png","OK","1466829","produtos","https://cdn.shopify.com/s/files/1/0927/8603/2953/files/8_d22511fc-6703-4c5c-8b1b-813c0cdbe70a.png"
"8_de44860d-4a38-4eab-8da5-627083b4594f.png","OK","2041497","produtos","https://cdn.shopify.com/s/files/1/0927/8603/2953/files/8_de44860d-4a38-4eab-8da5-627083b4594f.png"
"9_09c62028-af09-4572-8ffb-3c419e51aaac.png","OK","1380160","produtos","https://cdn.shopify.com/s/files/1/0927/8603/2953/files/9_09c62028-af09-4572-8ffb-3c419e51aaac.png"
"9_1275734a-ff99-4072-90aa-a1fb3f471e92.png","OK","1463106","produtos","https://cdn.shopify.com/s/files/1/0927/8603/2953/files/9_1275734a-ff99-4072-90aa-a1fb3f471e92.png"
"9_2abeead5-58b7-4503-b10b-f77ecb248f27.png","OK","1931832","produtos","https://cdn.shopify.com/s/files/1/0927/8603/2953/files/9_2abeead5-58b7-4503-b10b-f77ecb248f27.png"
"9_8760ebd5-3465-43d6-97c7-4ea8c73135e3.png","OK","1562648","produtos","https://cdn.shopify.com/s/files/1/0927/8603/2953/files/9_8760ebd5-3465-43d6-97c7-4ea8c73135e3.png"
"9_bff61631-741c-4b64-a2ef-5bad37b7c697.png","OK","236886","produtos","https://cdn.shopify.com/s/files/1/0927/8603/2953/files/9_bff61631-741c-4b64-a2ef-5bad37b7c697.png"
"9_da27d895-cef6-46c1-bb2b-dbdde48ee9cf.png","OK","1681834","produtos","https://cdn.shopify.com/s/files/1/0927/8603/2953/files/9_da27d895-cef6-46c1-bb2b-dbdde48ee9cf.png"
"9_e8ca6952-8599-4d7d-9525-1498f070b7d8.png","OK","1469181","produtos","https://cdn.shopify.com/s/files/1/0927/8603/2953/files/9_e8ca6952-8599-4d7d-9525-1498f070b7d8.png"
"Carrosselpaginadosprodutos.png","OK","1477167","images","https://cdn.shopify.com/s/files/1/0927/8603/2953/files/Carrosselpaginadosprodutos.png"
"Carrosselpaginadosprodutos_1_87ed19b3-73dd-4334-9e51-66f85a5a13a5.png","OK","1417592","images","https://cdn.shopify.com/s/files/1/0927/8603/2953/files/Carrosselpaginadosprodutos_1_87ed19b3-73dd-4334-9e51-66f85a5a13a5.png"
"Carrosselpaginadosprodutos_2f874094-657c-482d-a6db-9b3696e1bc07.png","OK","1591878","images","https://cdn.shopify.com/s/files/1/0927/8603/2953/files/Carrosselpaginadosprodutos_2f874094-657c-482d-a6db-9b3696e1bc07.png"
"Fotosdeproduto_6.png","OK","1482208","images","https://cdn.shopify.com/s/files/1/0927/8603/2953/files/Fotosdeproduto_6.png"
"fotosparaosite.png","OK","1486468","images","https://cdn.shopify.com/s/files/1/0927/8603/2953/files/fotosparaosite.png"
"fotosparaosite_1.png","OK","1374714","images","https://cdn.shopify.com/s/files/1/0927/8603/2953/files/fotosparaosite_1.png"
"fotosparaosite_2.png","OK","1439238","images","https://cdn.shopify.com/s/files/1/0927/8603/2953/files/fotosparaosite_2.png"
"fotosparaosite_3.png","OK","1551860","images","https://cdn.shopify.com/s/files/1/0927/8603/2953/files/fotosparaosite_3.png"
"fotosparaosite_4.png","OK","1491140","images","https://cdn.shopify.com/s/files/1/0927/8603/2953/files/fotosparaosite_4.png"
"fotosparaosite_6.png","OK","1686182","images","https://cdn.shopify.com/s/files/1/0927/8603/2953/files/fotosparaosite_6.png"
"fotosparaosite_7.png","OK","1669303","images","https://cdn.shopify.com/s/files/1/0927/8603/2953/files/fotosparaosite_7.png"
"fotosparaosite_8.png","OK","1525102","images","https://cdn.shopify.com/s/files/1/0927/8603/2953/files/fotosparaosite_8.png"
"fotosparaosite_9.png","OK","1588204","images","https://cdn.shopify.com/s/files/1/0927/8603/2953/files/fotosparaosite_9.png"
"InstaFeed.png","OK","1993082","images","https://cdn.shopify.com/s/files/1/0927/8603/2953/files/InstaFeed.png"
"InstaFeed_1.png","OK","1752845","images","https://cdn.shopify.com/s/files/1/0927/8603/2953/files/InstaFeed_1.png"
"InstaFeed_2.png","OK","1891063","images","https://cdn.shopify.com/s/files/1/0927/8603/2953/files/InstaFeed_2.png"
"InstaFeed_4.png","OK","2033419","images","https://cdn.shopify.com/s/files/1/0927/8603/2953/files/InstaFeed_4.png"
"InstaFeed_5.png","OK","2068518","images","https://cdn.shopify.com/s/files/1/0927/8603/2953/files/InstaFeed_5.png"
"InstaFeed_6.png","OK","1859070","images","https://cdn.shopify.com/s/files/1/0927/8603/2953/files/InstaFeed_6.png"
"InstaFeed_7.png","OK","1965941","images","https://cdn.shopify.com/s/files/1/0927/8603/2953/files/InstaFeed_7.png"
"InstaFeed_b4d3e339-7f46-4c44-b30f-ba279fd1b370.png","OK","2148039","images","https://cdn.shopify.com/s/files/1/0927/8603/2953/files/InstaFeed_b4d3e339-7f46-4c44-b30f-ba279fd1b370.png"
"ModelosAtualizado.png","OK","468708","images","https://cdn.shopify.com/s/files/1/0927/8603/2953/files/ModelosAtualizado.png"
"Novosprodutossite_6.png","OK","572534","images","https://cdn.shopify.com/s/files/1/0927/8603/2953/files/Novosprodutossite_6.png"
"Novosprodutossite_7.jpg","OK","50975","images","https://cdn.shopify.com/s/files/1/0927/8603/2953/files/Novosprodutossite_7.jpg"
"rbpipafeed_1.png","OK","1834393","images","https://cdn.shopify.com/s/files/1/0927/8603/2953/files/rbpipafeed_1.png"
"rostoparaosite_10.png","OK","1629095","images","https://cdn.shopify.com/s/files/1/0927/8603/2953/files/rostoparaosite_10.png"
"rostoparaosite_11.png","OK","1646304","images","https://cdn.shopify.com/s/files/1/0927/8603/2953/files/rostoparaosite_11.png"
"rostoparaosite_2.png","OK","1534891","images","https://cdn.shopify.com/s/files/1/0927/8603/2953/files/rostoparaosite_2.png"
"rostoparaosite_3.png","OK","1494009","images","https://cdn.shopify.com/s/files/1/0927/8603/2953/files/rostoparaosite_3.png"
"rostoparaosite_4.png","OK","1400002","images","https://cdn.shopify.com/s/files/1/0927/8603/2953/files/rostoparaosite_4.png"
"rostoparaosite_5.png","OK","1576577","images","https://cdn.shopify.com/s/files/1/0927/8603/2953/files/rostoparaosite_5.png"
"rostoparaosite_8.png","OK","1697638","images","https://cdn.shopify.com/s/files/1/0927/8603/2953/files/rostoparaosite_8.png"
"rostoparaosite_9.png","OK","1635542","images","https://cdn.shopify.com/s/files/1/0927/8603/2953/files/rostoparaosite_9.png"
"rostoparaosite2.png","OK","1539875","images","https://cdn.shopify.com/s/files/1/0927/8603/2953/files/rostoparaosite2.png"
"rostoparaosite2_1.png","OK","1826002","images","https://cdn.shopify.com/s/files/1/0927/8603/2953/files/rostoparaosite2_1.png"
"rostoparaosite2_2.png","OK","1834409","images","https://cdn.shopify.com/s/files/1/0927/8603/2953/files/rostoparaosite2_2.png"
"rostoparaosite2_3.png","OK","1739064","images","https://cdn.shopify.com/s/files/1/0927/8603/2953/files/rostoparaosite2_3.png"
"rostoparaosite2_4.png","OK","1913531","images","https://cdn.shopify.com/s/files/1/0927/8603/2953/files/rostoparaosite2_4.png"
"rostoparaosite2_5.png","OK","1856951","images","https://cdn.shopify.com/s/files/1/0927/8603/2953/files/rostoparaosite2_5.png"
"rostoparaosite2_6.png","OK","1860266","images","https://cdn.shopify.com/s/files/1/0927/8603/2953/files/rostoparaosite2_6.png"
"rostoparaosite2_7.png","OK","1938999","images","https://cdn.shopify.com/s/files/1/0927/8603/2953/files/rostoparaosite2_7.png"
"rostoparaosite2_8.png","OK","1864627","images","https://cdn.shopify.com/s/files/1/0927/8603/2953/files/rostoparaosite2_8.png"
"1_a157d3e6-1690-46e6-a02d-f6ce5ac38dc4.png","OK","241935","produtos","https://www.vistapipa.com.br/cdn/shop/files/1_a157d3e6-1690-46e6-a02d-f6ce5ac38dc4.png"
"11_2a208ea3-d4f6-474f-8ecf-7653b5a03917.png","OK","254636","produtos","https://www.vistapipa.com.br/cdn/shop/files/11_2a208ea3-d4f6-474f-8ecf-7653b5a03917.png"
"22_d7ea278a-fc14-444c-be5a-937367f216bc.png","OK","587172","produtos","https://www.vistapipa.com.br/cdn/shop/files/22_d7ea278a-fc14-444c-be5a-937367f216bc.png"
"23_c8c98b43-aef4-473b-8bb1-744551d4794a.png","OK","662984","produtos","https://www.vistapipa.com.br/cdn/shop/files/23_c8c98b43-aef4-473b-8bb1-744551d4794a.png"
"26_39f394a0-4805-40cd-a2f4-f18044b06bee.png","OK","532144","produtos","https://www.vistapipa.com.br/cdn/shop/files/26_39f394a0-4805-40cd-a2f4-f18044b06bee.png"
"27_63dfa850-40b7-4629-9b44-620a6e6e12dd.png","OK","562424","produtos","https://www.vistapipa.com.br/cdn/shop/files/27_63dfa850-40b7-4629-9b44-620a6e6e12dd.png"
"28_f4281437-8a8e-418c-ab00-17d87f1847bc.png","OK","444149","produtos","https://www.vistapipa.com.br/cdn/shop/files/28_f4281437-8a8e-418c-ab00-17d87f1847bc.png"
"29_1f2476af-9fac-4354-99e9-16971b3ec867.png","OK","382669","produtos","https://www.vistapipa.com.br/cdn/shop/files/29_1f2476af-9fac-4354-99e9-16971b3ec867.png"
"30_04adc58c-823d-4ee9-ab93-c200b01b6f90.png","OK","486026","produtos","https://www.vistapipa.com.br/cdn/shop/files/30_04adc58c-823d-4ee9-ab93-c200b01b6f90.png"
"31_5d7606c1-5c44-4ae0-8419-1ab966d59400.png","OK","453812","produtos","https://www.vistapipa.com.br/cdn/shop/files/31_5d7606c1-5c44-4ae0-8419-1ab966d59400.png"
"32_96dc1922-4c3b-4a42-a72d-e26bb98fd3fc.png","OK","381296","produtos","https://www.vistapipa.com.br/cdn/shop/files/32_96dc1922-4c3b-4a42-a72d-e26bb98fd3fc.png"
"43_45a4de4c-116f-4aa6-a764-1fbb308ccb37.png","OK","440750","produtos","https://www.vistapipa.com.br/cdn/shop/files/43_45a4de4c-116f-4aa6-a764-1fbb308ccb37.png"
"45_f7368c1a-363c-484b-9fc6-7840bba77df4.png","OK","435816","produtos","https://www.vistapipa.com.br/cdn/shop/files/45_f7368c1a-363c-484b-9fc6-7840bba77df4.png"
"47_57702fea-5dff-4c2f-b2be-dd7ca1a51cd3.png","OK","417911","produtos","https://www.vistapipa.com.br/cdn/shop/files/47_57702fea-5dff-4c2f-b2be-dd7ca1a51cd3.png"
"48_d9472989-680b-488c-a038-2c0ad85e63dd.png","OK","440325","produtos","https://www.vistapipa.com.br/cdn/shop/files/48_d9472989-680b-488c-a038-2c0ad85e63dd.png"
"49_9b2f2968-2b7e-4746-940e-fffaf3725b45.png","OK","421348","produtos","https://www.vistapipa.com.br/cdn/shop/files/49_9b2f2968-2b7e-4746-940e-fffaf3725b45.png"
"5_f3953e12-a757-46db-baad-b8f529c7cc9c.png","OK","327559","produtos","https://www.vistapipa.com.br/cdn/shop/files/5_f3953e12-a757-46db-baad-b8f529c7cc9c.png"
"7_8bf74fc1-cda2-4ea5-bef9-c86ccd30b8fd.png","OK","243938","produtos","https://www.vistapipa.com.br/cdn/shop/files/7_8bf74fc1-cda2-4ea5-bef9-c86ccd30b8fd.png"
"9_bff61631-741c-4b64-a2ef-5bad37b7c697.png","OK","236886","produtos","https://www.vistapipa.com.br/cdn/shop/files/9_bff61631-741c-4b64-a2ef-5bad37b7c697.png"
"Banner_site_Cel_2_6_4328add8-bd53-4609-971d-dc3dd101f122.png","OK","4730238","images","https://www.vistapipa.com.br/cdn/shop/files/Banner_site_Cel_2_6_4328add8-bd53-4609-971d-dc3dd101f122.png"
"Banner_site_Cel_2_7_c4041549-5cca-4ce5-80f9-f4f818eeff28.svg","OK","11727342","images","https://www.vistapipa.com.br/cdn/shop/files/Banner_site_Cel_2_7_c4041549-5cca-4ce5-80f9-f4f818eeff28.svg"
"BANNER_SITE_MOBILE_10.svg","OK","5873189","images","https://www.vistapipa.com.br/cdn/shop/files/BANNER_SITE_MOBILE_10.svg"
"Banner_site_pc_1_13f1e3cc-a49c-469d-8b88-70646509f940.svg","OK","12938600","images","https://www.vistapipa.com.br/cdn/shop/files/Banner_site_pc_1_13f1e3cc-a49c-469d-8b88-70646509f940.svg"
"Banner_site_pc_1f5cbe40-ce28-41d3-9e2a-0d9ccc6e21fc.svg","OK","5873516","images","https://www.vistapipa.com.br/cdn/shop/files/Banner_site_pc_1f5cbe40-ce28-41d3-9e2a-0d9ccc6e21fc.svg"
"Banner_site_pc_2_2.svg","OK","6644226","images","https://www.vistapipa.com.br/cdn/shop/files/Banner_site_pc_2_2.svg"
"Banner_site_pc_2_6.svg","OK","430478","images","https://www.vistapipa.com.br/cdn/shop/files/Banner_site_pc_2_6.svg"
"Carrossel_pagina_dos_produtos_6.svg","OK","5027796","images","https://www.vistapipa.com.br/cdn/shop/files/Carrossel_pagina_dos_produtos_6.svg"
"Carrossel_pagina_dos_produtos_7.svg","OK","5383541","images","https://www.vistapipa.com.br/cdn/shop/files/Carrossel_pagina_dos_produtos_7.svg"
"Carrossel_pagina_dos_produtos_8.svg","OK","4563957","images","https://www.vistapipa.com.br/cdn/shop/files/Carrossel_pagina_dos_produtos_8.svg"
"Design_sem_nome_9.png","OK","320048","images","https://www.vistapipa.com.br/cdn/shop/files/Design_sem_nome_9.png"
"lente_polarizada_5_7406c75e-6905-41f3-8af0-ede0f53cb239.svg","OK","14620039","images","https://www.vistapipa.com.br/cdn/shop/files/lente_polarizada_5_7406c75e-6905-41f3-8af0-ede0f53cb239.svg"
"Logo_17.png","OK","17840","logo","https://www.vistapipa.com.br/cdn/shop/files/Logo_17.png"
"ModelosAtualizado.png","OK","468708","images","https://www.vistapipa.com.br/cdn/shop/files/ModelosAtualizado.png"
"TEST.png","OK","9487","logo","https://www.vistapipa.com.br/cdn/shop/files/TEST.png"
